appid,name,release_date,english,developer,publisher,platforms,required_age,categories,genres,steamspy_tags,achievements,positive_ratings,negative_ratings,average_playtime,median_playtime,owners,price
10,Counter-Strike,2000-11-01,1,Valve,Valve,windows;mac;linux,0,Multi-player;Online Multi-Player;Local Multi-Player;Valve Anti-Cheat enabled,Action,Action;FPS;Multiplayer,0,124534,3339,17612,317,10000000-20000000,7.19
20,Team Fortress Classic,1999-04-01,1,Valve,Valve,windows;mac;linux,0,Multi-player;Online Multi-Player;Local Multi-Player;Valve Anti-Cheat enabled,Action,Action;FPS;Multiplayer,0,3318,633,277,62,5000000-10000000,3.99
30,Day of Defeat,2003-05-01,1,Valve,Valve,windows;mac;linux,0,Multi-player;Valve Anti-Cheat enabled,Action,FPS;World War II;Multiplayer,0,3416,398,187,34,5000000-10000000,3.99
40,Deathmatch Classic,2001-06-01,1,Valve,Valve,windows;mac;linux,0,Multi-player;Online Multi-Player;Local Multi-Player;Valve Anti-Cheat enabled,Action,Action;FPS;Multiplayer,0,1273,267,258,184,5000000-10000000,3.99
50,Half-Life: Opposing Force,1999-11-01,1,Gearbox Software,Valve,windows;mac;linux,0,Single-player;Multi-player;Valve Anti-Cheat enabled,Action,FPS;Action;Sci-fi,0,5250,288,624,415,5000000-10000000,3.99
60,Ricochet,2000-11-01,1,Valve,Valve,windows;mac;linux,0,Multi-player;Online Multi-Player;Valve Anti-Cheat enabled,Action,Action;FPS;Multiplayer,0,2758,684,175,10,5000000-10000000,3.99
70,Half-Life,1998-11-08,1,Valve,Valve,windows;mac;linux,0,Single-player;Multi-player;Online Multi-Player;Steam Cloud;Valve Anti-Cheat enabled,Action,FPS;Classic;Action,0,27755,1100,1300,83,5000000-10000000,7.19
80,Counter-Strike: Condition Zero,2004-03-01,1,Valve,Valve,windows;mac;linux,0,Single-player;Multi-player;Valve Anti-Cheat enabled,Action,Action;FPS;Multiplayer,0,12120,1439,427,43,10000000-20000000,7.19
130,Half-Life: Blue Shift,2001-06-01,1,Gearbox Software,Valve,windows;mac;linux,0,Single-player,Action,FPS;Action;Sci-fi,0,3822,420,361,205,5000000-10000000,3.99
220,Half-Life 2,2004-11-16,1,Valve,Valve,windows;mac;linux,0,Single-player;Steam Achievements;Steam Trading Cards;Captions available;Partial Controller Support;Steam Cloud;Includes Source SDK,Action,FPS;Action;Sci-fi,33,67902,2419,691,402,10000000-20000000,7.19
240,Counter-Strike: Source,2004-11-01,1,Valve,Valve,windows;mac;linux,0,Multi-player;Cross-Platform Multiplayer;Steam Achievements;Steam Cloud;Valve Anti-Cheat enabled;Stats;Includes Source SDK,Action,Action;FPS;Multiplayer,147,76640,3497,6842,400,10000000-20000000,7.19
280,Half-Life: Source,2004-06-01,1,Valve,Valve,windows;mac;linux,0,Single-player,Action,FPS;Action;Sci-fi,0,3767,1053,190,214,2000000-5000000,0.0
300,Day of Defeat: Source,2010-07-12,1,Valve,Valve,windows;mac;linux,0,Multi-player;Cross-Platform Multiplayer;Steam Achievements;Steam Trading Cards;Valve Anti-Cheat enabled;Stats;Includes Source SDK,Action,FPS;World War II;Multiplayer,54,10489,1210,1356,134,5000000-10000000,7.19
320,Half-Life 2: Deathmatch,2004-11-01,1,Valve,Valve,windows;mac;linux,0,Multi-player;Valve Anti-Cheat enabled;Includes Source SDK,Action,Action;FPS;Multiplayer,0,6020,787,311,32,10000000-20000000,3.99
340,Half-Life 2: Lost Coast,2005-10-27,1,Valve,Valve,windows;mac;linux,0,Single-player;Commentary available,Action,FPS;Action;Singleplayer,0,5783,1020,46,29,10000000-20000000,0.0
360,Half-Life Deathmatch: Source,2006-05-01,1,Valve,Valve,windows;mac;linux,0,Multi-player;Valve Anti-Cheat enabled,Action,Action;FPS;Multiplayer,0,1362,473,102,81,5000000-10000000,0.0
380,Half-Life 2: Episode One,2006-06-01,1,Valve,Valve,windows;mac;linux,0,Single-player;Steam Achievements;Captions available;Partial Controller Support;Steam Cloud;Stats;Includes Source SDK;Commentary available,Action,FPS;Action;Sci-fi,13,7908,517,281,184,5000000-10000000,5.79
400,Portal,2007-10-10,1,Valve,Valve,windows;mac;linux,0,Single-player;Steam Achievements;Captions available;Partial Controller Support;Includes level editor;Includes Source SDK;Commentary available,Action,Puzzle;First-Person;Singleplayer,15,51801,1080,288,137,10000000-20000000,7.19
420,Half-Life 2: Episode Two,2007-10-10,1,Valve,Valve,windows;mac;linux,0,Single-player;Steam Achievements;Captions available;Partial Controller Support;Steam Cloud;Stats;Includes Source SDK;Commentary available,Action,FPS;Action;Sci-fi,22,13902,696,354,301,5000000-10000000,5.79
440,Team Fortress 2,2007-10-10,1,Valve,Valve,windows;mac;linux,0,Multi-player;Cross-Platform Multiplayer;Steam Achievements;Steam Trading Cards;Captions available;Steam Workshop;In-App Purchases;Partial Controller Support;Valve Anti-Cheat enabled;Stats;Includes level editor;Commentary available,Action;Free to Play,Free to Play;Multiplayer;FPS,520,515879,34036,8495,623,20000000-50000000,0.0
500,Left 4 Dead,2008-11-17,1,Valve,Valve,windows;mac,0,Single-player;Multi-player;Co-op;Steam Achievements;Full controller support;Captions available;Steam Cloud;Valve Anti-Cheat enabled;Stats;Steam Leaderboards;Includes Source SDK;Commentary available,Action,Zombies;Co-op;FPS,73,17951,948,897,278,5000000-10000000,7.19
550,Left 4 Dead 2,2009-11-19,1,Valve,Valve,windows;mac;linux,0,Single-player;Multi-player;Co-op;Steam Achievements;Full controller support;Steam Trading Cards;Captions available;Steam Workshop;Steam Cloud;Valve Anti-Cheat enabled;Stats;Includes Source SDK;Commentary available,Action,Zombies;Co-op;FPS,70,251789,8418,1615,566,10000000-20000000,7.19
570,Dota 2,2013-07-09,1,Valve,Valve,windows;mac;linux,0,Multi-player;Co-op;Steam Trading Cards;Steam Workshop;SteamVR Collectibles;In-App Purchases;Valve Anti-Cheat enabled,Action;Free to Play;Strategy,Free to Play;MOBA;Strategy,0,863507,142079,23944,801,100000000-200000000,0.0
620,Portal 2,2011-04-18,1,Valve,Valve,windows;mac;linux,0,Single-player;Co-op;Steam Achievements;Full controller support;Steam Trading Cards;Captions available;Steam Workshop;Steam Cloud;Stats;Includes level editor;Commentary available,Action;Adventure,Puzzle;Co-op;First-Person,51,138220,1891,1102,520,10000000-20000000,7.19
630,Alien Swarm,2010-07-19,1,Valve,Valve,windows,0,Single-player;Multi-player;Co-op;Steam Achievements;Captions available;Steam Cloud;Stats;Includes level editor,Action,Free to Play;Co-op;Action,66,17435,941,371,83,2000000-5000000,0.0
730,Counter-Strike: Global Offensive,2012-08-21,1,Valve;Hidden Path Entertainment,Valve,windows;mac;linux,0,Multi-player;Steam Achievements;Full controller support;Steam Trading Cards;Steam Workshop;In-App Purchases;Valve Anti-Cheat enabled;Stats,Action;Free to Play,FPS;Multiplayer;Shooter,167,2644404,402313,22494,6502,50000000-100000000,0.0
1002,Rag Doll Kung Fu,2005-10-12,1,Mark Healey,Mark Healey,windows,0,Single-player;Multi-player,Indie,Indie;Fighting;Multiplayer,0,40,17,0,0,20000-50000,5.99
1200,Red Orchestra: Ostfront 41-45,2006-03-14,1,Tripwire Interactive,Tripwire Interactive,windows;mac;linux,0,Multi-player;Steam Achievements;Valve Anti-Cheat enabled,Action,World War II;Action;FPS,44,1562,223,232,258,500000-1000000,3.99
1250,Killing Floor,2009-05-14,1,Tripwire Interactive,Tripwire Interactive,windows;mac;linux,0,Single-player;Multi-player;Co-op;Cross-Platform Multiplayer;Steam Achievements;Steam Trading Cards;Steam Workshop;Valve Anti-Cheat enabled;Stats;Includes level editor,Action,FPS;Zombies;Co-op,285,53710,2649,1328,306,2000000-5000000,14.99
1300,SiN Episodes: Emergence,2006-05-10,1,Ritual Entertainment,Ritual Entertainment,windows,0,Single-player;Stats,Action,Action;FPS;Cyberpunk,0,468,61,0,0,100000-200000,7.19
1500,Darwinia,2005-07-14,1,Introversion Software,Introversion Software,windows;mac;linux,0,Single-player,Indie;Strategy,Strategy;Indie;RTS,0,472,158,182,273,500000-1000000,7.19
1510,Uplink,2006-08-23,1,Introversion Software,Introversion Software,windows;mac;linux,0,Single-player,Indie;Strategy,Hacking;Indie;Strategy,0,1602,152,65,77,500000-1000000,6.99
1520,DEFCON,2006-09-29,1,Introversion Software,Introversion Software,windows;mac;linux,0,Single-player;Multi-player,Indie;Strategy,Strategy;Indie;Multiplayer,22,2057,344,80,119,500000-1000000,7.19
1530,Multiwinia,2008-09-19,1,Introversion Software,Introversion Software,windows;mac,0,Single-player;Multi-player;Steam Achievements,Indie,Indie;RTS;Strategy,12,368,75,121,224,500000-1000000,7.19
1600,Dangerous Waters,2006-02-07,1,Sonalysts,Strategy First,windows,0,Single-player;Multi-player,Strategy,Strategy;Simulation;Naval,0,140,44,0,0,50000-100000,22.99
1610,Space Empires IV Deluxe,2006-02-07,1,Malfador Machinations,Strategy First,windows,0,Single-player;Multi-player,Strategy,Strategy;4X;Sci-fi,0,112,26,0,0,50000-100000,6.99
1630,Disciples II: Rise of the Elves ,2006-07-06,1,Strategy First,Strategy First,windows,0,Single-player;Multi-player;Co-op,Strategy,Strategy;Turn-Based Strategy;Fantasy,0,451,108,0,0,100000-200000,4.99
1640,Disciples II: Gallean's Return,2006-07-06,1,Strategy First,Strategy First,windows,0,Single-player;Multi-player;Co-op,Strategy,Turn-Based Strategy;Strategy;Classic,0,490,152,9,12,100000-200000,4.99
1670,Iron Warriors: T - 72 Tank Command ,2006-07-26,1,Strategy First,Strategy First,windows,0,Single-player;Multi-player,Strategy,Simulation;Strategy;Tanks,0,137,102,0,0,20000-50000,3.99
1690,Space Empires V,2006-10-16,1,Malfador Machinations,Strategy First,windows,0,Single-player;Multi-player,Strategy,Strategy;4X;Space,0,191,85,35,35,50000-100000,10.99
1700,Arx Fatalis,2007-04-03,1,Arkane Studios,Arkane Studios,windows,0,Single-player,RPG,RPG;First-Person;Classic,0,671,106,11,21,100000-200000,2.99
1840,Source Filmmaker,2012-07-10,1,Valve,Valve,windows,0,Steam Workshop,Animation & Modeling;Video Production,Animation & Modeling;Video Production;Free to Play,0,15083,1111,239,77,1000000-2000000,0.0
1900,Earth 2160,2006-04-01,1,Reality Pump Studios,Topware Interactive;ACE,windows;mac;linux,0,Single-player;Multi-player;Co-op;Cross-Platform Multiplayer;Steam Trading Cards,Strategy,Strategy;RTS;Sci-fi,0,498,238,405,414,1000000-2000000,3.99
1930,Two Worlds Epic Edition,2009-04-30,1,Reality Pump Studios,Topware Interactive,windows;mac;linux,0,Single-player;Multi-player;Online Multi-Player;Online Co-op;Cross-Platform Multiplayer;Steam Trading Cards;Partial Controller Support,RPG,RPG;Open World;Fantasy,0,2656,1055,484,422,1000000-2000000,6.99
2100,Dark Messiah of Might & Magic,2006-10-25,1,Arkane Studios,Ubisoft,windows,0,Single-player;Multi-player;Valve Anti-Cheat enabled,Action;RPG,RPG;Action;First-Person,0,4386,316,634,700,1000000-2000000,4.29
2200,Quake III Arena,2007-08-03,1,id Software,id Software,windows,0,Single-player;Multi-player;Steam Cloud,Action,FPS;Action;Classic,0,1362,66,123,103,200000-500000,12.99
2210,Quake IV,2011-08-04,1,RavenSoft / id Software,Bethesda Softworks,windows,18,Single-player;Multi-player;Steam Cloud,Action,FPS;Action;Shooter,0,891,171,36,32,200000-500000,12.99
2270,Wolfenstein 3D,2007-08-03,1,id Software,Bethesda-Softworks,windows,0,Single-player;Steam Cloud,Action,FPS;Classic;Action,0,1773,87,69,110,200000-500000,2.99
2280,Ultimate Doom,2007-08-03,1,id Software,id Software,windows,0,Single-player;Steam Cloud,Action,Classic;FPS;Action,0,3705,257,125,179,500000-1000000,3.99
2290,Final DOOM,2007-08-03,1,id Software,id Software,windows,0,Single-player;Steam Cloud,Action,FPS;Action;Classic,0,573,82,120,114,200000-500000,3.99
