id,title,score,game_type,pulisher,download,isAndroid
206369,人格解体,8.8,角色扮演,厂商: 喵法自然工作室,71069,TRUE
159465,一念逍遥,6.5,角色扮演,厂商: 雷霆游戏,1021860,TRUE
70253,明日方舟,8.2,策略,厂商: 鹰角网络,12263134,TRUE
200184,2048清,9.9,益智,厂商: 召合网络,460311,TRUE
213,炉石传说,7,策略,"厂商: Blizzard Entertainment, Inc.",10787305,TRUE
148290,另一个伊甸 : 超越时空的猫,9,角色扮演,厂商: 心动,1288154,FALSE
183321,偶像梦幻祭2,8.2,音乐,厂商: 乐元素科技(北京)股份有限公司,370371,FALSE
162251,见,9.8,角色扮演,厂商: 腾讯游戏追梦计划,717483,TRUE
179754,无尽噩梦,8.7,角色扮演,厂商: 云步互娱,362574,TRUE
79661,机动都市阿尔法,5.8,动作,厂商: 网易游戏,499005,FALSE
130630,天涯明月刀,6.3,角色扮演,厂商: 腾讯,1088640,FALSE
195701,叫我大掌柜,4.1,模拟,厂商: 鲁班工作室,19872,FALSE
62448,光·遇,6.1,角色扮演,厂商: 网易游戏,10115334,TRUE
212172,我的小岛,4.9,休闲,厂商: 飞鸟与鱼,112,TRUE
59520,明日之后,4.1,角色扮演,厂商: 网易游戏,9794106,FALSE
14461,道友请留步,6.4,卡牌,厂商: 极致游戏,903062,TRUE
6764,聚爆,8.4,角色扮演,厂商: 龙渊网络,2594345,FALSE
83595,阿瑞斯病毒,8.1,角色扮演,厂商: 青瓷,3088045,FALSE
171665,魔物调查者,8.2,角色扮演,厂商: 株式会社Moka  Games,16474,FALSE
70253,明日方舟,8.2,策略,厂商: 鹰角网络,12263217,FALSE
214602,生存闯关（测试服）,6.5,益智,厂商: wbgame,3651,TRUE
60387,星季,9.1,休闲,厂商: 星予网络,1900785,TRUE
37121,活下去,9,冒险,厂商: 黑骑士工作室,2884312,TRUE
143332,赤核,9.2,街机,厂商: 海彼游戏,1000786,TRUE
58019,我欲封天山海战,8.7,卡牌,厂商: 畅来互娱,13536,TRUE
153415,音乐世界 Cytus II,9.6,音乐,厂商: 龙渊网络,542201,FALSE
43639,我的世界,6.2,休闲,厂商: 网易游戏,19469086,TRUE
130651,战双帕弥什,7.1,角色扮演,厂商: 库洛游戏,4897524,TRUE
210019,乌冬的旅店,7.3,模拟,厂商: 两英里科技,26846,TRUE
154382,脑力达人,9.1,益智,厂商: 云步互娱,33564,TRUE
135341,仗剑天涯,6.2,文字,厂商: 北京掌握互娱科技有限公司,360912,TRUE
214068,地下城与骑士,6.8,休闲,厂商: TouchJoy,277,TRUE
140825,枪手：丧尸幸存者,8.3,街机,厂商: Parthenon Games,404157,TRUE
137100,四叶草剧场,7.7,休闲,厂商: 幻萌网络,652116,FALSE
2301,王者荣耀,4.7,动作,厂商: 腾讯,23379176,FALSE
215033,终末阵线：伊诺贝塔（测试服预下载）,8.8,角色扮演,厂商: 哔哩哔哩游戏,937,TRUE
198967,不一样传说,7.3,冒险,厂商: 芥菜子游戏,129986,FALSE
49995,第五人格,7.3,角色扮演,厂商: 网易游戏,8005095,TRUE
134346,古代战争,9.1,角色扮演,厂商: 猫步游戏,2171609,TRUE
191003,下一秒细思恐极,6.8,休闲,厂商: 橘音游戏,121095,TRUE
190489,经典魔塔50层,9.2,策略,厂商: 神圣剑工作室,58922,FALSE
197397,少女战地,8.1,动作,厂商: 少女战争工作室,14161,FALSE
162127,妙奇星球,8.5,休闲,厂商: 套鹿工作室,417704,FALSE
41178,魔卡幻想,8,卡牌,厂商: 上海慕和网络科技有限公司,294655,FALSE
60809,Muse Dash 喵斯快跑,9.5,音乐,厂商: 心动,2032886,TRUE
18356,纪念碑谷,9.9,益智,厂商: 深圳市创梦天地科技有限公司,2750393,TRUE
211574,幻想之登极为皇,6.6,模拟,厂商: 泊明工作室,298,TRUE
10497,部落冲突 (Clash of Clans),9.1,策略,厂商: Supercell,3022787,TRUE
22497,无尽大冒险,7.1,策略,厂商: 青瓷,917639,FALSE
207444,只兔：不灭的勇者,8,动作,厂商: 提拉米苏猫工作室,35191,TRUE
191003,下一秒细思恐极,6.8,休闲,厂商: 橘音游戏,121095,FALSE
58885,月圆之夜,9.4,冒险,厂商: 滴答工作室,8274740,TRUE
11981,放置江湖,7.5,角色扮演,厂商: 小猴跳跳,2180803,TRUE
189512,三国冲冲冲,8.8,休闲,厂商: TinyStar,6865,FALSE
214418,挂机工厂,8.4,模拟,厂商: weathering,1813,TRUE
213413,我的属性-人类属性测试器,8.3,文字,厂商: 搁浅工作室,4656,FALSE
165287,Phigros,9.6,音乐,厂商: Pigeon Games | 鸽游,1134484,FALSE
34751,元气骑士,9.5,动作,厂商: 凉屋游戏,19459713,TRUE
7157,机动战队大作战,7.2,卡牌,厂商: 游戏公国,2647780,TRUE
179754,无尽噩梦,8.7,角色扮演,厂商: 云步互娱,362574,FALSE
130651,战双帕弥什,7.1,角色扮演,厂商: 库洛游戏,4897535,FALSE
187630,云端问仙,4.9,文字,厂商: 云端工作室,90025,FALSE
70767,探灵,8.8,文字,厂商: 吉游社,2372647,TRUE
191543,艾人的世界（测试服）,8.2,角色扮演,厂商: 刀叔,106481,TRUE
160459,无尽灵魂,8.9,角色扮演,厂商: 只做一款游戏工作室,1179466,TRUE
34768,战舰联盟,8.8,动作,厂商: 祖龙娱乐,3101962,FALSE
159727,模拟帝国,6.8,策略,厂商: TKG,223698,TRUE
195514,航海王热血航线,6.8,动作,厂商: 朝夕光年,741768,TRUE
11981,放置江湖,7.5,角色扮演,厂商: 小猴跳跳,2180806,FALSE
187303,逐光：启航,9.4,冒险,厂商: Ohayoo,546732,TRUE
214492,杀戮地城,8,冒险,厂商: 娱乐至上,2608,TRUE
15887,黑暗料理王,9.3,模拟,厂商: 椰岛游戏,2289249,TRUE
190461,喵喵岛（测试服）,6.8,休闲,厂商: ZGame,7783,TRUE
6369,不思议迷宫,8.4,策略,厂商: 雷霆游戏,2365381,FALSE
212645,不休的修仙者,5.8,休闲,厂商: 游手好闲工作室,53,TRUE
58885,月圆之夜,9.4,冒险,厂商: 滴答工作室,8274750,FALSE
211074,机甲爱丽丝,7.4,角色扮演,厂商: 哔哩哔哩游戏,38968,FALSE
196186,月夜逃跑计划,9.5,休闲,厂商: 识君,16008,TRUE
183618,跑跑停停,6.1,休闲,厂商: 具勇虎,10484,TRUE
91106,末日幸存者（测试服）,6.3,角色扮演,厂商: 幸存者互助协会,41152,FALSE
6908,同步音律,9.3,音乐,厂商: 廊坊同步音律信息科技有限公司,3276056,TRUE
184839,进击的悟空,9.7,休闲,厂商: 4IN1,203,FALSE
214588,最强门派,4,模拟,厂商: Modooplay魔度互娱,648,TRUE
15386,魔窟-无尽的地下城,8.1,角色扮演,厂商: 杭州凌烟阁科技有限公司,656053,FALSE
188743,三国志幻想大陆,6,卡牌,厂商: 广州灵犀互动娱乐有限公司,733028,TRUE
61620,决战！平安京,6.4,动作,厂商: 网易游戏,7721467,FALSE
205100,看见飘扬的斗篷了吗,9.5,冒险,厂商: 极客游戏,33860,TRUE
158690,阴阳师：百闻牌,6.5,卡牌,厂商: 网易游戏,1657462,FALSE
172652,我的侠客,6.8,角色扮演,厂商: 极光计划,668804,FALSE
203129,人工桌面,8.4,桌面和棋类,厂商: miHoYo,1451642,TRUE
200363,时间大冒险,8.6,角色扮演,厂商: Shikudo,14637,FALSE
12492,阴阳师,7.1,角色扮演,厂商: 网易游戏,7740886,TRUE
10505,少女前线,8.5,策略,厂商: 上海散爆网络科技有限公司,2738894,FALSE
138417,皇帝成长计划2,7.7,策略,厂商: 四三九九网络股份有限公司,1837247,TRUE
213413,我的属性-人类属性测试器,8.3,文字,厂商: 搁浅工作室,4654,TRUE
213340,今晚早点睡,7.6,休闲,厂商: 河马游戏,366,TRUE
61620,决战！平安京,6.4,动作,厂商: 网易游戏,7721464,TRUE
12492,阴阳师,7.1,角色扮演,厂商: 网易游戏,7740896,FALSE
159287,奇门之上,7,角色扮演,厂商: 极光计划,132264,TRUE
141656,单词城堡,9.4,教育,厂商: yougan233团队,473054,TRUE
203666,纸嫁衣,9.3,益智,厂商: HeartBeat Plus,80579,FALSE
207856,打魔王刷装备,9.1,休闲,厂商: 浮梦游戏,1739,TRUE
211803,遇见你的猫,7.4,休闲,厂商: 大坏鼠工作室,170489,FALSE
201038,怪物女孩换装,7.8,角色扮演,"厂商: Qingzhou Co., Ltd",68326,TRUE
73133,还有这种操作2,9,知识问答,厂商: 青豆工作室,4565080,TRUE
213789,魔城骑士,9.3,角色扮演,厂商: 豆米游戏,3943,TRUE
159465,一念逍遥,6.5,角色扮演,厂商: 雷霆游戏,1021874,FALSE
79661,机动都市阿尔法,5.8,动作,厂商: 网易游戏,498994,TRUE
172508,一起活下去,5.2,冒险,厂商: 安迪游戏,1695,TRUE
204412,像素时代,7.7,模拟,厂商: 纵艺科技,366411,FALSE
210019,乌冬的旅店,7.3,模拟,厂商: 两英里科技,26847,FALSE
195514,航海王热血航线,6.8,动作,厂商: 朝夕光年,741802,FALSE
209303,Sodo Cool,9.5,益智,厂商: 召合网络,8720,TRUE
199670,某某宗女修修炼手札,9.6,休闲,厂商: HydrozoaWorks,51776,FALSE
136983,胡桃日记：表情包少女menhera,7.5,休闲,厂商: 腾讯,348946,FALSE
14132,万象物语,8.5,角色扮演,厂商: 龙渊网络,2578392,FALSE
13471,血族,8.1,角色扮演,厂商: 盛趣游戏,506175,FALSE
52276,纪念碑谷2,9,冒险,厂商: 极光计划,3061908,TRUE
182469,老农种树,9.3,休闲,厂商: Gamera Game,677344,TRUE
155976,怪蛋迷宫,8,休闲,厂商: 凉屋游戏,361891,FALSE
214067,三国志小兵传奇,7.1,卡牌,厂商: 潘凤游戏工作室,129,TRUE
4726,天天打波利,8.3,休闲,厂商: 心动,1067478,FALSE
213455,循环圈,8.6,策略,厂商: 非对称,1430,TRUE
208006,斗罗大陆-斗神再临,5,角色扮演,厂商: 史莱克学院建筑团队,85125,TRUE
149161,坎特伯雷公主与骑士唤醒冠军之剑的奇幻冒险,5.4,角色扮演,厂商: 哔哩哔哩游戏,515258,TRUE
214693,康威生命游戏,9.1,模拟,厂商: 新古拳,953,TRUE
213890,斗罗大陆：魂师对决（测试服）,6.3,角色扮演,厂商: 37手游,20047,TRUE
201403,小小法师,8.5,休闲,厂商: Ohayoo,147299,TRUE
60892,大航海探险物语,8,模拟,厂商: 识君,720565,FALSE
84047,密室逃脱绝境系列9无人医院,8.9,益智,厂商: 深圳市火星人互动娱乐有限公司,466177,FALSE
161190,小小勇者,6.5,冒险,厂商: 上海零越网络科技有限公司,231618,TRUE
41908,克鲁赛德战记,8.8,角色扮演,厂商: 大连红豆互娱技术开发有限公司,758712,FALSE
214356,荒岛方舟生存模拟,4.9,冒险,厂商: 北京古鲁营销,247,TRUE
65333,汉末霸业,8.5,策略,厂商: 成都龙游天下,582887,FALSE
205151,行走大师,6.8,休闲,厂商: 北京唯我乐园信息技术有限公司,14863,TRUE
183434,我的健身教练2,9.2,体育,厂商: 训火游戏,173284,TRUE
213847,遨游中国模拟器,4,模拟,厂商: 艾棋网络,1197,TRUE
196453,十三号病院,8.3,益智,厂商: HeartBeat Plus,162105,FALSE
2247,火影忍者,6.9,动作,厂商: 腾讯,4402674,TRUE
155937,厕锁,9,文字,厂商: L.O.N.E,217563,TRUE
168332,原神,5.6,角色扮演,厂商: miHoYo,12566855,TRUE
37681,超数据世界,9.2,角色扮演,厂商: ST,699961,TRUE
168225,时间花园,9,模拟,厂商: Shikudo,81656,TRUE
18356,纪念碑谷,9.9,益智,厂商: 深圳市创梦天地科技有限公司,2750398,FALSE
214467,无梦少女（测试服）,8.5,街机,厂商: REZEROR,3219,TRUE
74704,古今江湖,8.2,卡牌,厂商: 3K独游屋,2187486,FALSE
160455,魔渊之刃,5.6,动作,厂商: 雷霆游戏,835095,FALSE
209299,机甲风暴2,9.3,角色扮演,厂商: 逸颗梧桐,4323,TRUE
205374,英雄远征,9.2,角色扮演,厂商: Naughty cat,24320,FALSE
214422,尸潮-巨兽挑战,7.1,动作,厂商: SixAlloy,6288,TRUE
203224,跳绳王,9.2,休闲,厂商: DoveGameStudio,600,TRUE
213319,DOTS,5.5,策略,厂商: PixelStorm Studio,2371,TRUE
130630,天涯明月刀,6.3,角色扮演,厂商: 腾讯,1088639,TRUE
159287,奇门之上,7,角色扮演,厂商: 极光计划,132279,FALSE
186039,无极仙途,8.7,角色扮演,厂商: 风之力游戏,860668,FALSE
141520,下一关在哪,9.5,益智,厂商: 狐獴游戏,60947,FALSE
180794,勇士挂机,8,角色扮演,厂商: 文轩网络,126752,FALSE
156370,五子棋,7,桌面和棋类,厂商: 武汉市多比特信息科技有限公司,238198,TRUE
173737,Ballex,8.8,竞速,厂商: 橘子算法工作室,480817,TRUE
158749,Cytoid,8.8,音乐,厂商: Tiger Tang,346811,TRUE
205430,沙盒勇者,9.5,冒险,厂商: 熊喵独立游戏,17585,FALSE
176905,战魂铭人,6.8,动作,厂商: 凉屋游戏,1694328,FALSE
170078,摩尔庄园,9.3,休闲,厂商: 雷霆游戏,1303491,FALSE
205430,沙盒勇者,9.5,冒险,厂商: 熊喵独立游戏,17584,TRUE
67396,失落城堡,8.7,动作,厂商: 雷霆游戏,7387252,TRUE
189290,流沙之城,8.4,角色扮演,厂商: 游尘开发组,30851,FALSE
180918,人生模拟器：中国式人生,4.6,模拟,厂商: kiwigames,736905,TRUE
33189,辐射 避难所,8.1,模拟,厂商: 盛趣游戏,4176891,TRUE
13620,地下城堡2：黑暗觉醒,9.1,模拟,厂商: 雷霆游戏,1535730,FALSE
2301,王者荣耀,4.7,动作,厂商: 腾讯,23379149,TRUE
14132,万象物语,8.5,角色扮演,厂商: 龙渊网络,2578390,TRUE
146895,隐形守护者,9.6,角色扮演,厂商: New One Studio,1412466,TRUE
193994,球球英雄,5.8,策略,厂商: 霍尔果斯游众网络,432002,TRUE
60175,爆炒江湖,8.5,模拟,厂商: 套鹿工作室,1379058,FALSE
199983,无双萌将,6.7,角色扮演,厂商: MiracleStudio,330431,TRUE
171598,萌趣医院,7.7,模拟,厂商: 小斗篷游戏,632502,TRUE
181985,工匠物语2(SmithStory II),7.3,角色扮演,"厂商: Glaciwaker Entertainment, Inc.",17478,FALSE
72332,阳春艺曲,7.3,音乐,厂商: 维克斯游戏,30722,TRUE
81859,Project FX（测试服）,8.8,音乐,厂商: LINKEDTUNE,402499,TRUE
175200,幸存者小镇,6.1,模拟,厂商: BY Studio,86071,FALSE
136983,胡桃日记：表情包少女menhera,7.5,休闲,厂商: 腾讯,348946,TRUE
39309,召唤与合成,9.7,益智,厂商: 召合网络,3185028,TRUE
193324,楼下的早餐店,8.8,模拟,厂商: YiYo StudFalse,251505,TRUE
213639,某不稳定的气功波,8.3,文字,厂商: 甜小鱼工作室,10984,FALSE
165287,Phigros,9.6,音乐,厂商: Pigeon Games | 鸽游,1134482,TRUE
197397,少女战地,8.1,动作,厂商: 少女战争工作室,14161,TRUE
199740,真实卡车模拟,4.2,模拟,厂商: 搜崇,9369,TRUE
72332,阳春艺曲,7.3,音乐,厂商: 维克斯游戏,30731,FALSE
58802,IRIS,9.8,文字,厂商: 箱社,805272,TRUE
195701,叫我大掌柜,4.1,模拟,厂商: 鲁班工作室,19866,TRUE
189028,天地劫：幽城再临,6,角色扮演,厂商: 紫龙游戏,590329,FALSE
60320,点线交织,8.7,益智,厂商: 砰砰工作室,533211,FALSE
15463,艾彼(Abi),8.5,益智,厂商: 莉莉丝游戏,2146293,TRUE
213778,大学模拟器,5.7,休闲,厂商: 花卷科技,667,TRUE
31597,碧蓝航线,8.6,策略,厂商: 哔哩哔哩游戏,2675096,FALSE
212758,宠物对决世代（测试服）,6.9,冒险,厂商: 宜昌宾越网络科技有限公司,5906,TRUE
211803,遇见你的猫,7.4,休闲,厂商: 大坏鼠工作室,170486,TRUE
136706,开局一只鲲,7.3,休闲,厂商: 娜迦娱乐工作室,620826,TRUE
52276,纪念碑谷2,9,冒险,厂商: 极光计划,3061911,FALSE
151828,旅行串串,9.5,休闲,厂商: Kunpo,1135370,FALSE
10056,崩坏3,6.1,动作,厂商: miHoYo,14598687,TRUE
204735,鸣沙客栈,8.3,模拟,厂商: 二十肆工作室,30247,FALSE
192689,鸿图之下,7,策略,厂商: 腾讯,287008,FALSE
201538,钢铁命令：将军的荣耀3,8.3,策略,厂商: 苏州乐志软件,119802,FALSE
178358,妄想山海,6.1,角色扮演,厂商: 腾讯,770630,TRUE
201403,小小法师,8.5,休闲,厂商: Ohayoo,147299,FALSE
70056,和平精英,6.9,动作,厂商: 腾讯,32640408,FALSE
166152,旧日传说,6.6,角色扮演,厂商: 完美世界,154146,FALSE
39309,召唤与合成,9.7,益智,厂商: 召合网络,3185029,FALSE
10497,部落冲突 (Clash of Clans),9.1,策略,厂商: Supercell,3022789,FALSE
34751,元气骑士,9.5,动作,厂商: 凉屋游戏,19459726,FALSE
152964,匠木,9.2,益智,厂商: 雷霆游戏,1098429,TRUE
141520,下一关在哪,9.5,益智,厂商: 狐獴游戏,60947,TRUE
192794,放置塔防,7.1,休闲,厂商: 云杉工作室,794,TRUE
213328,太古修真,8.4,角色扮演,厂商: 太古,455,TRUE
193994,球球英雄,5.8,策略,厂商: 霍尔果斯游众网络,432009,FALSE
88164,三国战纪2,6.8,街机,厂商: 上海魔克信息科技有限公司,32503,TRUE
179385,真三国无双霸,8.6,动作,厂商: D.W.Studio,612083,FALSE
37681,超数据世界,9.2,角色扮演,厂商: ST,699961,FALSE
190461,喵喵岛（测试服）,6.8,休闲,厂商: ZGame,7783,FALSE
208577,纸上谈兵模拟器,8.1,策略,厂商: 犟游社,8017,TRUE
138364,小森生活,5.2,模拟,厂商: 腾讯,368846,TRUE
205968,小士兵战争,7.6,卡牌,厂商: 小士兵宇宙,15178,TRUE
134346,古代战争,9.1,角色扮演,厂商: 猫步游戏,2171611,FALSE
138364,小森生活,5.2,模拟,厂商: 腾讯,368851,FALSE
191269,开局一把剑,8.9,策略,厂商: 做个好游戏工作室,224157,FALSE
37121,活下去,9,冒险,厂商: 黑骑士工作室,2884317,FALSE
179371,江南百景图,7.1,模拟,厂商: 椰岛游戏,11634326,TRUE
151009,消零世界：VGAME,5.6,动作,厂商: VANEPLUS STUDIO,770576,FALSE
32403,空中大师 - 像素射击,9.5,街机,厂商: Croal.PE,166619,FALSE
193324,楼下的早餐店,8.8,模拟,厂商: YiYo StudFalse,251505,FALSE
149161,坎特伯雷公主与骑士唤醒冠军之剑的奇幻冒险,5.4,角色扮演,厂商: 哔哩哔哩游戏,515286,FALSE
203666,纸嫁衣,9.3,益智,厂商: HeartBeat Plus,80579,TRUE
213639,某不稳定的气功波,8.3,文字,厂商: 甜小鱼工作室,10984,TRUE
186039,无极仙途,8.7,角色扮演,厂商: 风之力游戏,860667,TRUE
35691,模拟城市：我是市长,5.7,休闲,厂商: 北京北纬通信科技股份有限公司,1918546,TRUE
58881,香肠派对,7.6,动作,厂商: 真有趣游戏,102779025,TRUE
13471,血族,8.1,角色扮演,厂商: 盛趣游戏,506165,TRUE
139302,逆转回合,6.5,策略,厂商: 飞鱼科技,30050,TRUE
73010,所谓侠客,9.6,角色扮演,厂商: 怕一笑,532384,FALSE
80109,你了解自己吗,8.4,教育,厂商: 晓风游戏,1370148,TRUE
198967,不一样传说,7.3,冒险,厂商: 芥菜子游戏,129986,TRUE
213880,蚊子骚扰模拟器,3.9,模拟,厂商: 深圳滕逸,782,TRUE
139301,使命召唤手游,7.2,动作,厂商: 腾讯,2699359,TRUE
188737,乡村老师,9.7,模拟,厂商: Forever D Studio,95941,FALSE
170102,复苏的魔女,8.6,角色扮演,厂商: 雷霆游戏,212395,FALSE
166951,幻书启世录,5.3,角色扮演,厂商: 网易游戏,551923,FALSE
171015,重生细胞,8.4,动作,厂商: 哔哩哔哩游戏,2450423,TRUE
67396,失落城堡,8.7,动作,厂商: 雷霆游戏,7387261,FALSE
187303,逐光：启航,9.4,冒险,厂商: Ohayoo,546732,FALSE
139546,三国志·战略版,6.4,策略,厂商: 广州简悦科技,459236,FALSE
70054,通感纪元,7,策略,厂商: 60制作组,158399,FALSE
10505,少女前线,8.5,策略,厂商: 上海散爆网络科技有限公司,2738891,TRUE
168332,原神,5.6,角色扮演,厂商: miHoYo,12566928,FALSE
60895,住宅梦物语,8.4,模拟,厂商: 识君,435957,FALSE
141656,单词城堡,9.4,教育,厂商: yougan233团队,473054,FALSE
214500,超级精灵手表（测试服）,6.5,休闲,厂商: 墨冰科技,12389,TRUE
23452,比特小队,9.3,冒险,厂商: Kunpo,4075353,TRUE
185830,此生无白,8.2,角色扮演,厂商: 苏州沁游网络科技有限公司,24686,FALSE
73010,所谓侠客,9.6,角色扮演,厂商: 怕一笑,532383,TRUE
186468,口袋植物,9.4,模拟,厂商: Shikudo,82188,FALSE
204735,鸣沙客栈,8.3,模拟,厂商: 二十肆工作室,30247,TRUE
212199,太公传承,8,休闲,厂商: 猫咕网络,11199,TRUE
60940,赛马牧场物语,9,模拟,厂商: 识君,91364,FALSE
14555,符石守护者,7.5,角色扮演,厂商: 杭州刺暮软件科技有限公司,14643,FALSE
213801,动物融合大乱斗,3.8,策略,厂商: 北京古鲁营销,421,TRUE
